# The ASF licenses this file to You under the Apache License, Version 2.0
# (the "License"); you may not use this file except in compliance with
# the License.  You may obtain a copy of the License at
#
#     http://www.apache.org/licenses/LICENSE-2.0
#
# Unless required by applicable law or agreed to in writing, software
# distributed under the License is distributed on an "AS IS" BASIS,
# WITHOUT WARRANTIES OF CONDITIONS OF ANY KIND, either express or implied.
# See the License for the specific language governing permissions and
# limitations under the License.

#********Descriptive substitutions ***********************
#         INDUSTRY RELATED WORDS
#---------------------------------------------------------

1stnation,1stpeople,aboriginal,firstnation,firstpeople,indian,indigenous,native=>1stnation,1stpeople,aboriginal,firstnation,firstpeople,indian,indigenous,native
2nd hand,2ndhand,consign,consignment,second hand,secondhand,thrift,used=>2nd hand,2ndhand,consign,consignment,second hand,secondhand,thrift,used
4mula,4mulas,formula,fourmula=>4mula,4mulas,formula,fourmula
abbatoir,butcher,halal,meat,packer,packing,sausage,slaughter=>abbatoir,butcher,halal,meat,packer,packing,sausage,slaughter
abode,acre,build,civil,construction,contract,develop,estate,handyman,home,land,listing,meadow,property,real,remodel,reno,restore,structure,real estate=>real estate,abode,acre,build,civil,construction,contract,develop,estate,handyman,home,land,listing,meadow,property,real,remodel,reno,restore,structure
academic,college,institute,school=>academic,college,institute
accommodate,reservation=>accommodate,reservation
account,accountant,admin,biz,bookkeeping,business,compliance,corporate,cpa,dictate,document,office,secretary,tax,title,transcription,transcript,type,wordprocessing,personnel,hr=>account,accountant,admin,biz,bookkeeping,business,compliance,corporate,cpa,dictate,document,office,secretary,tax,title,transcription,transcript,type,wordprocessing,personnel,hr
acept,asset,capital,capitol,credit,equity,finance,fund,invest,lend,loan,mortgage,mutualfund,payday,security,wealth=>acept,asset,capital,capitol,credit,equity,finance,fund,invest,lend,loan,mortgage,mutualfund,payday,security,wealth
acoustics,audio,broadcast,cd,dejay,dj,electronic,homeentertainment,music,radio,record,sound,stereo,tape=>acoustics,audio,broadcast,cd,dejay,dj,electronic,homeentertainment,music,radio,record,sound,stereo,tape
acrylic,plastic,poli,poly,pvc,vinyl=>acrylic,plastic,poli,poly,pvc,vinyl
adjudicate,adr,arbitrate,dispute,mediate,negotiate,resolution=>adjudicate,adr,arbitrate,dispute,mediate,negotiate,resolution
adjust,appraisal,claim=>adjust,appraisal,claim
adventure,cruise,getaway,holiday,safari,tour,travel,trip,vacation,expedition=>adventure,cruise,getaway,holiday,safari,tour,travel,trip,vacation,expedition
advise,analyze,coach,consult,counsel=>advise,analyze,coach,consult,counsel
aero,aeroplane,aerospace,air,airplane,arow,aviate,ayr,chopper,flight,flite,fly,flyte,heli,jet,plane,prop,space,ultralight=>aero,aeroplane,aerospace,air,airplane,arow,aviate,ayr,chopper,flight,flite,fly,flyte,heli,jet,plane,prop,space,ultralight
aerobic,bootcamp,cardio,circuit,condition,fit,gym,hot tub,hottub,hotub,kundalini,movement,pilates,pool,slim,spa,strength,thin,train,weight,workout,exercise,yoga=>aerobic,bootcamp,cardio,circuit,condition,fit,gym,hot tub,hottub,hotub,kundalini,movement,pilates,pool,slim,spa,strength,thin,train,weight,workout,exercise,yoga
aesthetic,barber,beard,beauty,brow,coif,coiffure,cosmetic,cosmetology,cut,day spa,dayspa,electrolysis,esthetic,groom,hair,lash,manicure,makceup,nail,salon,skin,style,extenstion=>aesthetic,barber,beard,beauty,brow,coif,coiffure,cosmetic,cosmetology,cut,day spa,dayspa,electrolysis,esthetic,groom,hair,lash,manicure,makceup,nail,salon,skin,style,extenstion
agen,brocer,factor=>agen,brocer,factor
aggregate,crush,fill,gravel,matter,sand,soil=>aggregate,crush,fill,gravel,matter,sand,soil
agraculture,agriculture,cattle,farm,livestock,ranch,stable=>agraculture,agriculture,cattle,farm,livestock,ranch,stable
aikido,aikikai,bj,capoeira,karate,kungfu,jiujitsu,judo,kickbox,martial,mma,selfdefence,taekwondo,wingchung=>aikido,aikikai,bj,capoeira,karate,kungfu,jiujitsu,judo,kickbox,martial,mma,selfdefence,taekwondo,wingchung
aircondition,balance,climate,comfort,furnace,furnace,gasfit,heat,hvac,mechanical,pipefit,plumbing,sheetmetal,vent=>aircondition,balance,climate,comfort,furnace,furnace,gasfit,heat,hvac,mechanical,pipefit,plumbing,sheetmetal,vent
airport,black car,blablacar,cab,chauffeur,limo,livery,taxi,towncar,uber=>airport,black car,blablacar,cab,chauffeur,limo,livery,taxi,towncar,uber
alarm,forensic,gard,guard,investigate,locksmith,monitor,patrol,protect,response,security,surveillance,tactic,watch=>alarm,forensic,gard,guard,investigate,locksmith,monitor,patrol,protect,response,security,surveillance,tactic,watch
ale,beer,brew,lager=>ale,beer,brew,lager
alley,ali,biliard,bowl,lanes=>alley,ali,biliard,bowl,lanes
allterain,atv,fourxfour,offroad,quad,4x4=>allterain,atv,fourxfour,offroad,quad,4x4
aloy,casting,duct,fab,forge,foundry,iron,machine,metal,rail,reinforce,stainless,stamping,steel,tool,weld=>aloy,casting,duct,fab,forge,foundry,iron,machine,metal,rail,reinforce,stainless,stamping,steel,tool,weld
alteration,crest,dressmaker,embroider,sew,stitch,tailor=>alteration,crest,dressmaker,embroider,sew,stitch,tailor
ambulance,emergency,firstaid,firstresponse,paramedic,paramedical=>ambulance,emergency,firstaid,firstresponse,paramedic,paramedical
ammo,ammunition,armament,armor,arms,artillery,firearm,gun,pistol,rifle,weapon=>ammo,ammunition,armament,armor,arms,artillery,firearm,gun,pistol,rifle,weapon
angling,aquaculture,aquafarm,charter,fish,guid,mariculture,outfit,oyster,salmon,seafarm,seafod,shellfish,sightsee,sport fish,excursion=>angling,aquaculture,aquafarm,charter,fish,guid,mariculture,outfit,oyster,salmon,seafarm,seafod,shellfish,sightsee,sport fish,excursion
animate,carton,cast,cinema,dud,dvd,entertain,film,media,motion,movie,picture,production,release,studios,talent,television,theater,theatre,tv,vcr,video=>animate,carton,cast,cinema,dud,dvd,entertain,film,media,motion,movie,picture,production,release,studios,talent,television,theater,theatre,tv,vcr,video
answer,call,cell,cellular,com,longdistance,mobile,network,page,phone,reconect,tel,voice,voip,wifi,wireles,wireless,telephone=>answer,call,cell,cellular,com,longdistance,mobile,network,page,phone,reconect,tel,voice,voip,wifi,wireles,wireless,telephone
antique,bailiff,collect,memorabilia,process,trace=>antique,bailiff,collect,memorabilia,process,trace
apartment,apt,condo,court,loft,manor,residence,strata,stratum,townhome,townhouse,vila,suite=>apartment,apt,condo,court,loft,manor,residence,strata,stratum,townhome,townhouse,vila,suite
apiary,apiculture,apitherapy,beekeeping,honey,nectar,bee,pollen=>apiary,apiculture,apitherapy,beekeeping,honey,nectar,bee,pollen
apnea,cpap,oxygen,respiration=>apnea,cpap,oxygen,respiration
apothecary,chemist,dispensary,drug,med,medicine,pharmacy,prescription,rx=>apothecary,chemist,dispensary,drug,med,medicine,pharmacy,prescription,rx
apparel,attire,boutique,casual,clothes,clothier,clothing,couture,fashion,garb,garment,wardrobe,wear=>apparel,attire,boutique,casual,clothes,clothier,clothing,couture,fashion,garb,garment,wardrobe,wear
appliance,coldstorage,foodlocker,freeze,fridge,ice,refrige=>appliance,coldstorage,foodlocker,freeze,fridge,ice,refrige
application,apps,cloud,computer,data,interactive,laptop,pc,peripheral,program,software,solution,system,ware=>application,apps,cloud,computer,data,interactive,laptop,pc,peripheral,program,software,solution,system,ware
arb,brush,fall,logging,prune,stump,treecare,treeprune,treeservice,treesurgeon,treetop=>arb,brush,fall,logging,prune,stump,treecare,treeprune,treeservice,treesurgeon,treetop
archive,museum,records=>archive,museum,records
argentum,bitcoin,blockchain,cloudchain,crypto,ether,ethereum,fulfill,hash,pay,remit,setl=>argentum,bitcoin,blockchain,cloudchain,crypto,ether,ethereum,fulfill,hash,pay,remit,setl
art,gallery,sculpture,studio=>art,gallery,sculpture,studio
asbestos,disaster,flood,hazard,hazmat,mold,mould,remediate=>asbestos,disaster,flood,hazard,hazmat,mold,mould,remediate
asphalt,blacktop,interlock,pave,rhode,road,rode,tar=>asphalt,blacktop,interlock,pave,rhode,road,rode,tar
asur,benefit,casualty,indemnity,insure,life,underwrite=>asur,benefit,casualty,indemnity,insure,life,underwrite
ateli,bed,furniture,futon,matress,sleep=>ateli,bed,furni,futon,matres,slep
atelier,coating,decor,design,interior,living,paint,stage,wallcover,wallpaper=>atelier,coating,decor,design,interior,living,paint,stage,wallcover,wallpaper
athletic,outdoor,run,sport=>athletic,outdoor,run,sport
atrium,conservator,greenhouse,hothouse,skylight,skylite,solar,sunroom=>atrium,conservator,greenhouse,hothouse,skylight,skylite,solar,sunroom
attraction,carnival,celebration,conference,convention,event,fair,fare,fayre,festival,happening,meeting,occasion,occurence,present,show,exhibit,expo=>attraction,carnival,celebration,conference,convention,event,fair,fare,fayre,festival,happening,meeting,occasion,occurence,present,show,exhibit,expo
auction,bid,liquidate=>auction,bid,liquidate
audiolog,hear,here=>audiolog,hear,here
audit,inventor,stock=>audit,inventor,stock
auto,body,car,collision,fix,garage,mechanic,motor,repair,service,tune,vehicle=>auto,body,car,collision,fix,garage,mechanic,motor,repair,service,tune,vehicle
autoclave,sterilize=>autoclave,sterilize
autocourt,bedbreakfast,guest,hotel,hostel,inn,lodge,motel,motorcourt,motorhotel,motorinn,resort,suites=>autocourt,bedbreakfast,guest,hotel,hostel,inn,lodge,motel,motorcourt,motorhotel,motorinn,resort,suites
automate,cable,control,electric,instrument,led,light,lite,lyte,measure,robot,wire=>automate,cable,control,electric,instrument,led,light,lite,lyte,measure,robot,wire
automatic,clutch,diferential,driveline,gear,transmission=>automatic,clutch,diferential,driveline,gear,transmission
autospa,carwash,detail=>autospa,carwash,detail
autosport,motorsport,performance,race,speed=>autosport,motorsport,performance,race,speed
aviary,bird=>aviary,bird
award,engrave,trophy=>award,engrave,trophy
awning,canopy,canvas,tarp,tent=>awning,canopy,canvas,tarp,tent
backhoe,bobcat,bulldozer,dig,ditch,dozer,earth,grad,gradal,trench,excavate=>backhoe,bobcat,bulldozer,dig,ditch,dozer,earth,grad,gradal,trench,excavate
baggage,luggage,suitcase=>baggage,luggage,suitcase
bait,lure,real,reel,rod,tackle,fishing=>bait,lure,real,reel,rod,tackle,fishing
bake,baking,bagel,bread,cake,cookie,muffin,pastry,patisserie,patisiery,pie=>bake,baking,bagel,bread,cake,cookie,muffin,pastry,patisserie,patisiery,pie
banquet,canteen,cater,concsesion,foodserve,foodtruck,mealprep=>banquet,canteen,cater,concsesion,foodserve,foodtruck,mealprep
barge,carrier,cartage,courier,delivery,diesel,dispatch,dray,errand,express,forward,freight,haul,hawl,hotshot,intermodal,line,lobed,logistic,lowbed,mail,messenger,move,navigate,parcel,recovery,refer,shipper,shipping,transfer,transport,truck,tug,wrecker,express=>barge,carrier,cartage,courier,delivery,diesel,dispatch,dray,errand,express,forward,freight,haul,hawl,hotshot,intermodal,line,lobed,logistic,lowbed,mail,messenger,move,navigate,parcel,recovery,refer,shipper,shipping,transfer,transport,truck,tug,wrecker,express
barrister,law,legal,litigate,solicitor=>barrister,law,legal,litigate,solicitor
bartend,beverage,mixology=>bartend,beverage,mixology
bath,cabinet,casew,kitchen,counter,cupboard,solidsurface=>bath,cabinet,casew,kitchen,counter,cupboard,solidsurface
bereave,cemetery,cremate,funeral,memorial,mortuary=>bereave,cemetery,cremate,funeral,memorial,mortuary
bijou,diamon,diamond,gem,gold,goldsmith,jem,jewel,joial,jual,mine,mineral,mining,placer,prospect,resource,silver,silversmith,explore=>bijou,diamon,diamond,gem,gold,goldsmith,jem,jewel,joial,jual,mine,mineral,mining,placer,prospect,resource,silver,silversmith,explore
bike,chopper,cycle,moto,mtb,mx,sbk,scooter,vtwin=>bike,chopper,cycle,moto,mtb,mx,sbk,scooter,vtwin
billboard,neon,sign,sine=>billboard,neon,sign,sine
bin,compost,conserve,convers,convert,disposal,ecol,effluent,environment,garbage,recycle,refuse,rubbish,sanitation,scrap,trash,waste=>bin,compost,conserve,convers,convert,disposal,ecol,effluent,environment,garbage,recycle,refuse,rubbish,sanitation,scrap,trash,waste
birth,doula,midwife,obstetrician=>birth,doula,midwife,obstetrician
bistro,buffet,cafe,cantina,cappuccino,chai,kitchen,coffee,convenience,cuisine,deli,dine,diner,dining,eat,eater,eats,edible,espresso,food,galley,grill,grocer,java,latte,market,mart,restaurant,roast,sandwich,shop,snack,snax,steak,store,takeout,taverna,tea,tiffin,tratoria,variety,expresso=>bistro,buffet,cafe,cantina,cappuccino,chai,kitchen,coffee,convenience,cuisine,deli,dine,diner,dining,eat,eater,eats,edible,espresso,food,galley,grill,grocer,java,latte,market,mart,restaurant,roast,sandwich,shop,snack,snax,steak,store,takeout,taverna,tea,tiffin,tratoria,variety,expresso
blacksmith,farrier,horseshoe=>blacksmith,farrier,horseshoe
blast,dynamite,nitro,powder,tnt,explosive=>blast,dynamite,nitro,powder,tnt,explosive
blossom,floral,florist,flower=>blossom,floral,florist,flower
blueprint,cad,draft,draught,draw,plan=>blueprint,cad,draft,draught,draw,plan
board,canoe,kayak,paddle,sup,surf,whitewater=>board,canoe,kayak,paddle,sup,surf,whitewater
boat,marina,nautical,outboard,sail,ship,vessel,watercraft,yacht=>boat,marina,nautical,outboard,sail,ship,vessel,watercraft,yacht
bodywork,massage,physio,physiotherapy,reflx,rehab,therapy=>bodywork,massage,physio,physiotherapy,reflx,rehab,therapy
bolt,fasten,nut,screw,spiral=>bolt,fasten,nut,screw,spiral
book,copied,copy,desktop,director,duplicate,edit,gazete,graff,graph,guide,litho,magazine,news,press,print,publication,publish,report,reproduction,screen,wecl,write=>book,copied,copy,desktop,director,duplicate,edit,gazete,graff,graph,guide,litho,magazine,news,press,print,publication,publish,report,reproduction,screen,wecl,write
boot,cobbler,footwear,shoe=>boot,cobbler,footwear,shoe
box,container,package=>box,container,package
brick,brix,bryc,granite,mason,monument,quartz,rock,slate,stone=>brick,brix,bryc,granite,mason,monument,quartz,rock,slate,stone
bridal,wedding,marriage,matrimony=>bridal,wedding,marriage,matrimony
bride,groom,formal,marriage,matrimony,wedding=>bride,groom,formal,marriage,matrimony,wedding
bud,cannabis,cannibus,cbd,chronic,compasion,cron,dispensary,four twozero,ganja,marihuana,marijuana,maryjane,medicinal,pot,thc,weed,420,fourtwenty=>bud,cannabis,cannibus,cbd,chronic,compasion,cron,dispensary,four twozero,ganja,marihuana,marijuana,maryjane,medicinal,pot,thc,weed,420,fourtwenty
bus,carriage,coach,shuttle,stage,trail,transit=>bus,carriage,coach,shuttle,stage,trail,transit
caisson,tunnel,underground=>caisson,tunnel,underground
camera,foto,image,photo=>camera,foto,image,photo
camper,motorhome,recreationalvehicle,recreationvehicle,rv,trailer=>camper,motorhome,recreationalvehicle,recreationvehicle,rv,trailer
candle,parafin,wax=>candle,parafin,wax
candy,chocolate,confection,sweet=>candy,chocolate,confection,sweet
canine,kennel,knine,dawg,dog,hound,pooch,pup,k9=>canine,kennel,knine,dawg,dog,hound,pooch,pup,k9
canning,jam,jelly,pickle,preserve=>canning,jam,jelly,pickle,preserve
carbonfiber,carbonfibre,composite=>carbonfiber,carconfibre,composite
card,greeting,station=>card,greeting,station
career,carer,employ,hour,hr,humanresource,job,labor,labour,overload,personel,placement,recruit,staff,support,temp,workforce=>career,carer,employ,hour,hr,humanresource,job,labor,labour,overload,personel,placement,recruit,staff,support,temp,workforce
carpentry,finish,frame,join,millwork,woodcraft,woodwork=>carpentry,finish,frame,join,millwork,woodcraft,woodwork
carpet,ceramic,floor,hardwood,laminate,lino,marble,pottery,rug,terrazzo,til,tile=>carpet,ceramic,floor,hardwood,laminate,lino,marble,pottery,rug,terrazzo,til,tile
carpool,carshare,rideshare=>carpool,carshare,rideshare
cartograph,chart,geomatic,gis,map=>cartograph,chart,geomatic,gis,map
cartridge,ink,inking,inkjet,laser,lazer,printer,refill,toner=>cartridge,ink,inking,inkjet,laser,lazer,printer,refill,toner
cash,currency,forx,fourx,intercambio,money,exchange=>cash,currency,forx,fourx,intercambio,money,exchange
casino,gaming,gambling=>casino,gaming,gambling
cataract,cite,contact,eyewear,lens,lenz,opt,retina,sight,site,vision=>cataract,cite,contact,eyewear,lens,lenz,opt,retina,sight,site,vision
ceiling,drywall,gypsum,panel,taper,taping,texture=>ceiling,drywall,gypsum,panel,taper,taping,texture
cellar,oenophile,vino,vintner,viticulture,wine=>cellar,oenophile,vino,vintner,viticulture,wine
cement,concrete,crete,form,icf,placing,precast,readymix,rebar,redimix,redmix,reinforce,shotcrete=>cement,concrete,crete,form,icf,placing,precast,readymix,rebar,redimix,redmix,reinforce,shotcrete
cent,fragrance,fragrant,parfum,perfume,scent,sent=>cent,fragrance,fragrant,parfum,perfume,scent,sent
center,centre,mall,plaza,shoppingcenter,shoppingcentre,square=>center,centre,mall,plaza,shoppingcenter,shoppingcentre,square
charity,fundraiser,philanthropy=>charity,fundraiser,philanthropy
cheese,cream,dairy,gelato,icecream,milk,yogourt,yogurt,kefir=>cheese,cream,dairy,gelato,icecream,milk,yogourt,yogurt,kefir
chicken,poultry,turckey,fowl=>chicken,poultry,turckey,fowl
childcare,kinder,daycare,earlylearning,montessori,nursery,playschool,preschool=>childcare,kinder,daycare,earlylearning,montessori,nursery,playschool,preschool
cigar,cigarette,ecig,esmoke,ejuice,hookah,juice,pipe,smoke,tobacco,vape=>cigar,cigarette,ecig,esmoke,ejuice,hookah,juice,pipe,smoke,tobacco,vape
clad,hardy,siding,exterior=>clad,hardy,siding,exterior
clean,clen,custodian,domestic,handyman,housekeeper,janitor,maid,maintenance=>clean,clen,custodian,domestic,handyman,housekeeper,janitor,maid,maintenance
cloth,drygood,fabric,material,rag,tx,textile=>cloth,drygood,fabric,material,rag,tx,textile
clubmaker,clubs,golf,gulf=>clubmaker,clubs,golf,gulf
cng,coal,drill,energy,fuel,gas,lng,lubricate,nrg,oil,petro,pipeline,propane,resource=>cng,coal,drill,energy,fuel,gas,lng,lubricate,nrg,oil,petro,pipeline,propane,resource
co-gen,cogen,energy,generate,hydro,power,utility=>co-gen,cogen,energy,generate,hydro,power,utility
coin,coyne,numismatics,vender=>coin,coyne,numismatics,vender
collateral,pawn=>collateral,pawn
concept,dream,idea=>concept,dream,idea
container,depot,reload,store,terminal,transload,warehouse=>container,depot,reload,store,terminal,transload,warehouse
convey,handle=>convey,handle
cooling,radiator=>cooling,radiator
craft,hobby,radiocontrol=>craft,hobby,radiocontrol
crane,erect,rig,scaffold=>crane,erect,rig,scaffold
cymbal,drum,percusion,percussion=>cymbal,drum,percusion,percussion
demo,dismantle,salvage=>demo,dismantle,salvage
dentist,implant,orthodontist,periodontist=>dentist,implant,orthodontist,periodontist
diagnostic,mri,sonograph,ultrasound,xray=>diagnostic,mri,sonograph,ultrasound,xray
diet,nourish,nutrition,supplement,vita,vitamin=>diet,nourish,nutrition,supplement,vita,vitamin
distillery,liquor,moonshine,spirit,alcohol=>distillery,liquor,moonshine,spirit,alcohol
dive,scuba,submarine,subsea,underwater,snorkle=>dive,scuba,submarine,subsea,underwater,snorkle
drain,outfall,septic,sewage,sewer,wastewater=>drain,outfall,septic,sewage,sewer,wastewater
driving,motoring=>driving,motoring
eave,gutter,eavestrough=>eave,gutter,eavestrough
elder,geriatric,retire,senior=>elder,geriatric,retire,senior
e-mail,ecomm,ecommerce,email,homepage,host,isp,net,on-line,online,searchengine,seo,server,socialmedia,web=>e-mail,ecomm,ecommerce,email,homepage,host,isp,net,on-line,online,searchengine,seo,server,socialmedia,web
emigrate,immigrate,visa=>emigrate,immigrate,visa
english,esl,interprete,language,translate=>english,esl,interpret,language,translate
equestrian,equine,horse,ride=>equestrian,equine,horse,ride
equip,implement,tractor=>equip,implement,tractor
fastfood,takeout=>fastfood,takeout
feed,grain,hay,petfood=>feed,grain,hay,petfood
filipino,philipino=>filipino,philipino
fitter,install,layer,laying=>fitter,install,layer,laying
flag,traffic=>flag,traffic
foam,insulate,spray=>foam,insulate,spray
forest,log,lumber,mill,paper,ply,precut,pulp,reman,saw,timber,wood,forestry,salvage=>forest,log,lumber,mill,paper,ply,precut,pulp,reman,saw,timber,wood,forestry,salvage
forester,forestmanager,forestry,reforest,silviculture,timbermanager,treeplant=>forester,forestmanager,forestry,reforest,silviculture,timbermanager,treeplant
fruit,orchard,produce,sabzi,vegetable,vegi,veggie=>fruit,orchard,produce,sabzi,vegetable,vegi,veggie
fumigate,pest,exterminate=>fumigate,pest,exterminate
fungi,fungus,mushroom,mycology=>fungi,fungus,mushroom,mycology
galley,kitchen=>galley,kitchen
game,play,puzzle,toy=>game,play,puzzle,toy
garden,gardener,grass,greenhouse,ground,horticulture,hydroponic,landscape,lawn,mow,nursery,plant,sod,succulent,turf,xeriscape,yard=>garden,gardener,grass,greenhouse,ground,horticulture,hydroponic,landscape,lawn,mow,nursery,plant,sod,succulent,turf,xeriscape,yard
glass,glaze,mirror,shower,window,windshield=>glass,glaze,mirror,shower,window,windshield
glide,soar=>glide,soar
glider,sailplane=>glider,sailplane
griffin,griffon,grifin,gryphon=>griffin,griffon,grifin,gryphon
health,medic,practice,surgery,wellness=>health,medic,practice,surgery,wellness
htwo,spring,water,h20=>htwo,spring,water,h20
import,impx,imx,trade,trading,xim,export=>import,impx,imx,trade,trading,xim,export
international,intl=>international,intl
irrigate,sprinkler,watering,watersystem=>irrigate,sprinkler,watering,watersystem
jetwash,powerclean,powerwash,pressure,steam,wash=>jetwash,powerclean,powerwash,pressure,steam,wash
keyboard,organ,piano,synthesizer=>keyboard,organ,piano,synthesizer
knit,crochet,loom,spin,weave,wool,woven,yarn=>knit,crochet,loom,spin,weave,wool,woven,yarn
knowledge,educate,instruct,learn,seminar,teach,train,tutor=>knowledge,educate,instruct,learn,seminar,teach,train,tutor
lathe,plaster,stucco=>lathe,plaster,stucco
link,links,linx,lynx=>link,links,linx,lynx
lottery,lotto,sweepstakes=>lottery,lotto,sweepstakes
manufacturedhome,mobilehome,modularhome,prefab=>manufacturedhome,mobilehome,modularhome,prefab
muffler,exhaust=>muffler,exhaust
natural,organic=>natural,organic
philatelic,philately,stamp=>philatelic,philately,stamp
recover,rescue,tow=>recover,rescue,tow
saddle,tack=>saddle,tack
scale,weigh=>scale,weigh

#*********New Industries********
#EDUCATION and TRAINING
institute,training,school=>institute,training,school

#MARKETING
media,television,radio,advertising,marketing=>media,television,radio,advertising,marketing


#**** Proper Name Spellings
#--------------------------
aerial,arial,ariel=>aerial,arial,ariel
alan,alen,allan,allen=>alan,alen,allan,allen
aron,erin,eron,aaron=>aron,erin,eron,aaron
atlin,atlyn=>atlin,atlyn
barclay,barkley=>barclay,barkley
braemar,braymar=>braemar,braymar
brian,bryan=>brian,bryan
caesar,ceasar,cesar,cesare=>caesar,ceasar,cesar,cesare
cain,cane,kane,kaine=>cain,cane,kane,kaine
capt,captain=>capt,captain
caren,caron,karen=>caren,caron,karen
cher,shair,share=>cher,shair,share
chilcotin,tsilhqot'in=>chilcotin,tsilhqot'in
chris,cris,kris=>chris,cris,kris
chrystal,cristal,crystal=>chrystal,cristal,crystal
ciera,seara,siera,sierra=>ciera,seara,siera,sierra
cirus,cyrus,sirus,syrus=>cirus,cyrus,sirus,syrus
clair,clare=>clair,clare
cmor,seamore,semore,seymour=>cmor,seamore,semore,seymour
cotenai,cootenay,cutenai,kootenay=>cotenai,cotenay,cutenai,kootenay
courtenay,courtney=>courtenay,courtney
cwahlicum,qualicum=>cwahlicum,qualicum
cypress,cyprus=>cypress,cyprus
dickson,dixon,dixson=>dickson,dixon,dixson
duane,dwayne=>duane,dwayne
erwin,irwin=>erwin,irwin
fraser,frazer,fraiser=>fraser,frazer,fraiser
geoff,jeff=>geoff,jeff
gery,jery,gerry,jerry=>gery,jery,gerry,jerry
graeme,graham=>graeme,graham
jaemar,jaymar=>jaemar,jaymar
jantsen,jantzen,janzen=>jantsen,jantzen,janzen
johal,johel=>johal,johel
john,jon=>john,jon
johnny,jonny=>johnny,jonny
johnson,johnston,jonson=>johnson,johnston,jonson
kwantem,quantum=>kwantem,quantum
landsdowne,lansdowne=>landsdowne,lansdowne
laura,lora=>laura,lora
laurel,lorel=>laurel,lorel
linda,lynda=>linda,lynda
mile,myle=>mile,myle
monro,munro=>monro,munro
olsen,olson=>olsen,olson
poco,port coquitlam=>poco,port coquitlam
quesnel,quinel=>quesnel,quinel
rae,rai,ray=>rae,rai,ray
robin,robyn=>robin,robyn
saber,sabre=>saber,sabre
sampson,samson=>sampson,samson
schaefer,shaefer,shafer=>schaefer,shaefer,shafer
sean,shaun,shawn,shon=>sean,shaun,shawn,shon
sharen,sharon=>sharen,sharon
shay,shea=>shay,shea
sincoloid,syncoloid=>sincoloid,syncoloid
soce,tsouce=>soce,tsouce
stephen,steven=>stephen,steven
stewart,stuart=>stewart,stuart
teresa,theresa=>teresa,theresa
thom,tom=>thom,tom
thompson,thomson,tomson=>thompson,thomson,tomson
vancouverisland,vanisle,vi=>vancouverisland,vanisle,vi
walace,walis,wallis,wallace=>walace,wallace,wallis,walis
aerial,arial,ariel=>aerial,arial,ariel
alan,alen,allan,allen=>alan,alen,allan,allen
aron,erin,eron,aaron=>aron,erin,eron,aaron
atlin,atlyn=>atlin,atlyn
barclay,barkley=>barclay,barkley
braemar,braymar=>braemar,braymar
brian,bryan=>brian,bryan
caesar,ceasar,cesar,cesare=>caesar,ceasar,cesar,cesare
cain,cane,kane,kaine=>cain,cane,kane,kaine
capt,captain=>capt,captain
caren,caron,karen=>caren,caron,karen
cher,shair,share=>cher,shair,share
chilcotin,tsilhqot'in=>chilcotin,tsilhqot'in
chris,cris,kris=>chris,cris,kris
chrystal,cristal,crystal=>chrystal,cristal,crystal
ciera,seara,siera,sierra=>ciera,seara,siera,sierra
cirus,cyrus,sirus,syrus=>cirus,cyrus,sirus,syrus
clair,clare=>clair,clare
cmor,seamore,semore,seymour=>cmor,seamore,semore,seymour
cotenai,cootenay,cutenai,kootenay=>cotenai,cotenay,cutenai,kootenay
courtenay,courtney=>courtenay,courtney
cwahlicum,qualicum=>cwahlicum,qualicum
cypress,cyprus=>cypress,cyprus
dickson,dixon,dixson=>dickson,dixon,dixson
duane,dwayne=>duane,dwayne
erwin,irwin=>erwin,irwin
fraser,frazer,fraiser=>fraser,frazer,fraiser
geoff,jeff=>geoff,jeff
gery,jery,gerry,jerry=>gery,jery,gerry,jerry
graeme,graham=>graeme,graham
jaemar,jaymar=>jaemar,jaymar
jantsen,jantzen,janzen=>jantsen,jantzen,janzen
johal,johel=>johal,johel
john,jon=>john,jon
johnny,jonny=>johnny,jonny
johnson,johnston,jonson=>johnson,johnston,jonson
kwantem,quantum=>kwantem,quantum
landsdowne,lansdowne=>landsdowne,lansdowne
laura,lora=>laura,lora
laurel,lorel=>laurel,lorel
linda,lynda=>linda,lynda
mile,myle=>mile,myle
monro,munro=>monro,munro
olsen,olson=>olsen,olson
poco,port coquitlam=>poco,port coquitlam
quesnel,quinel=>quesnel,quinel
rae,rai,ray=>rae,rai,ray
robin,robyn=>robin,robyn
saber,sabre=>saber,sabre
sampson,samson=>sampson,samson
schaefer,shaefer,shafer=>schaefer,shaefer,shafer
sean,shaun,shawn,shon=>sean,shaun,shawn,shon
sharen,sharon=>sharen,sharon
shay,shea=>shay,shea
sincoloid,syncoloid=>sincoloid,syncoloid
soce,tsouce=>soce,tsouce
stephen,steven=>stephen,steven
stewart,stuart=>stewart,stuart
teresa,theresa=>teresa,theresa
thom,tom=>thom,tom
thompson,thomson,tomson=>thompson,thomson,tomson
vancouverisland,vanisle,vi=>vancouverisland,vanisle,vi
walace,walis,wallis,wallace=>walace,wallace,wallis,walis

#*******WORD REPLACEMENTS***********
#----------------------------------
abe,abey,abie,aby=>abe,abey,abie,aby
abel,able,abell=>abel,able,abell
accelerate,xlr8,xlreight=>accelerate,xlr8,xlreight
access,axis,axys=>access,axis,axys
acqua,acwa,aqua=>acqua,acwa,aqua
aeries,aries=>aeries,aries
alfa,alpha=>alfa,alpha
alix,alx=>alix,alx
all,awl=>al,awll
ambiance,ambience=>ambiance,ambience
animal,critter,pet,vet=>animal,critter,pet,vet
apostle,apotres=>apostle,apotres
ar,are=>ar,are
arctic,artec,artic,arteck=>arctic,artec,artic,arteck
armor,armour=>armor,armour
arora,aurora=>arora,aurora
auld,old,olde,ole=>auld,old,olde,ole
avatar,avitar,avtar=>avatar,avitar,avtar
axi,axy=>axi,axy
aye,eye=>aye,eye
baha,baja=>baha,baja
barbecue,barbq,bbq=>barbecue,barbq,bbq
bare,bear=>bare,bear
beach,beech=>beach,beech
beau,bough,bow=>beau,bough,bow
bi,buy,by=>bi,buy,by
bite,byte=>bite,byte
bleu,blew,blu,blue=>bleu,blew,blu,blue
blind,cover,curtain,drape,shade,shutter,window=>blind,cover,curtain,drape,shade,shutter,window
blvd,boulevard=>blvd,boulevard
bright,brite=>bright,brite
bronse,bronze=>bronse,bronze
caladonia,caledonia=>caladonia,caledonia
caliber,calibre=>caliber,calibre
calona,celowna,klo,kelowna,ktown=>calona,celowna,klo,kelowna,ktown
cambel,campbel,cambell,campbell=>cambel,campbel,cambell,campbell
can,cdn,canada=>can,cdn,canada
cando,candu=>cando,candu
cat,feline,kitty,kitten=>cat,feline,kitty,kitten
ce,se,sea=>ce,se,sea
celtic,seltic=>celtic,seltic
cemco,chemco=>cemco,chemco
cey,loc,quay=>cey,loc,quay
charade,shirade=>charade,shirade
check,cheque=>check,cheque
checker,chequer=>checker,chequer
chic,sheic=>chic,sheic
christmas,xmas=>christmas,xmas
cib,cyb,sib,syb=>cib,cyb,sib,syb
ciel,seal,sel=>ciel,seal,sel
cinabar,cinibar=>cinabar,cinibar
citi,city=>citi,city
clear,cleer=>clear,cleer
cned,ned,neid=>cned,ned,neid
cnel,neal,neil=>cnel,neal,neil
cnight,night,nite=>cnight,night,nite
coat,cote=>coat,cote
cohlman,coleman,colman=>cohlman,coleman,colman
colombia,columbia=>colombia,columbia
color,colour=>color,colour
cosy,cozy=>cosy,cozy
cwest,quest,qwest=>cwest,quest,qwest
cwestar,qestar,questar,sequester=>cwestar,qestar,questar,sequester
cygnet,signet=>cygnet,signet
dahl,dol=>dahl,dol
daily,daley,daly=>daily,daley,daly
davey,davie,davy=>davey,davie,davy
day,dey=>day,dey
deal,deel=>deal,deel
delight,delite=>delight,delite
delux,dlux=>delux,dlux
dew,do,du=>dew,do,du
dinamo,dynamo=>dinamo,dynamo
doctor,dr,doc=>doctor,dr,doc
dolfin,dolphin=>dolfin,dolphin
done,dun=>done,dun
dri,dry=>dri,dry
drone,uav,unmaned=>drone,uav,unmaned
dundarave,dunderave=>dundarave,dunderave
early,irly=>early,irly
easi,easy,eazy,ez,eze=>easi,easy,eazy,ez,eze
ecel,ecsel,exel,xcel,xcl,xell,xl,xsel=>ecel,ecsel,exel,xcel,xcl,xell,xl,xsel
eddie,eddy=>eddie,eddy
effects,fx,stunt=>effects,fx,stunt
elevate,lift=>elevate,lift
elic,elis=>elic,elis
encore,oncore=>encore,oncore
esix,essex,sx=>esix,essex,sx
euro,uro=>euro,uro
ewe,yew,you=>ewe,yew,you
fantasy,phantasy=>fantasy,phantasy
father,fr,dad,daddy,patriarch=>father,fr,dad,daddy,patriarch
fenix,feonix,pheonix,phoenix=>fenix,feonix,pheonix,phoenix
fiber,fibre=>fiber,fibre
fire,fyr=>fire,fyr
flair,flare=>flair,flare
footbal,soccer,futball=>footbal,soccer,futball
fort,ft=>fort,ft
fraeme,frame=>fraeme,frame
fushion,fusion=>fushion,fusion
gaea,gaia=>gaea,gaia
gail,gale,gayle=>gail,gale,gayle
genesis,genesys,genisis=>genesis,genesys,genisis
goar,gore=>goar,gore
gofer,gopher=>gofer,gopher
goru,guru=>goru,guru
governor,guvnor=>governor,guvnor
grace,grayce=>grace,grayce
gray,grey=>gray,grey
hai,hi,high,hy=>hai,hi,high,hy
haidaway,hideaway=>haidaway,hideaway
harbor,harbour=>harbor,harbour
hart,heart=>hart,heart
haus,house=>haus,house
hawg,hog=>hawg,hog
height,hite=>height,hite
hics,hix=>hics,hix
highland,hiland,hyland=>highland,hiland,hyland
hightech,hitec,hytec,hitech=>hightech,hitec,hytec,hitech
hightek,hytek,hitec=>hightek,hytek,hitec
highway,hiway,hwy,hyway=>highway,hiway,hwy,hyway
hire,lease,rent=>hire,lease,rent
hldg,hold,holdco,holding=>hldg,hold,holdco,holding
isis,isys=>isis,isys
island,isle=>island,isle
karma,kharma=>karma,kharma
kwality,quality=>kwality,quality
kwik,quick=>kwik,quick
lam,lamb=>lam,lamb
lay,le,lea,lei,leia,leigh,ly=>lay,le,lea,lei,leia,leigh,ly
leach,leech=>leach,leech
lear,leer=>lear,leer
lewis,louis=>lewis,louis
liddle,lil,little,lytle=>liddle,lil,little,lytle
lion,lyon=>lion,lyon
load,lode=>load,lode
love,luv=>love,luv
magic,majic,majix=>magic,majic,majix
magnem,magnum=>magnem,magnum
main,maine,mayne=>main,maine,mayne
mama,moma,mamma,momma,mother,mum,mumma,mummy,matriarch=>mama,moma,mamma,momma,mother,mum,mumma,mummy,matriarch
manage,mgmt,mgr,mgt,management=>manage,mgmt,mgr,mgt,management
manufactur,mfg=>manufactur,mfg
marcs,marx=>marcs,marx
marketer,marketing,mct=>marketer,marketing,mct
meridian,meridien=>meridian,meridien
midas,midys=>midas,midys
minit,minut=>minit,minut
miser,mizer=>miser,mizer
mister,mr,sir=>mister,mr,sir
misus,mrs,missus,maam=>misus,mrs,missus,maam
miter,mitre,myter=>miter,mitre,myter
mohr,more,moar=>mohr,more,moar
mount,mt,mtn=>mount,mt,mtn
neu,new,nieu,nu=>neu,new,nieu,nu
newest,nuwest,nw=>newest,nuwest,nw
no,number=>no,number
nouveau,nuvo=>nouveau,nuvo
odysea,odyssey=>odysea,odyssey
pace,paice,payce=>pace,paice,payce
pairadice,paradise=>pairadice,paradise
part,wreck=>part,wreck
peak,pec,peke,pique=>peak,pec,peke,pique
pearce,pierce,peerce=>pearce,pierce,peerce
pege,pg,princegeorge=>pege,pg,princegeorge
persepolis,persopolis=>persepolis,persopolis
phase,phaze=>phase,phaze
pic,pyc,pick=>pic,pyc,pick
planet,planit=>planet,planit
point,pt=>point,pt
pointofsale,pos,register=>pointofsale,pos,register
portocal,portofcal=>portocal,portofcal
post trauma,ptsd=>post trauma,ptsd
price,pryce=>price,pryce
prime,pryme=>prime,pryme
principal,principle=>principal,principle
profit,prophet=>profit,prophet
pumpkin,punkin=>pumpkin,punkin
qc,quencharlote=>qc,quencharlote
quail,quayle=>quail,quayle
rain,raine,rayne,reign,rein=>rain,raine,rayne,reign,rein
rainbow,raynbow=>rainbow,raynbow
read,red,reid=>read,red,reid
reimer,rhymer,rimer,rymer=>reimer,rhymer,rimer,rymer
right,rite,wright,write=>right,rite,wright,write
rise,rize=>rise,rize
roe,row=>roe,row
roof,shake,shingle=>roof,shake,shingle
rough,ruff=>rough,ruff
rubber,tire,tyre=>rubber,tire,tyre
saint,st,street=>saint,st,street
sandalwood,sandlewood=>sandalwood,sandlewood
savor,savour=>savor,savour
scene,sen,son,sun=>scene,sen,son,sun
seagul,segal,siegal,siegel=>seagul,segal,siegal,siegel
serious,sirius=>serious,sirius
seumas,sumas=>seumas,sumas
sfu,simonfraseruniversity=>sfu,simonfraseruniversity
shear,sher,shur,sur,sure=>shear,sher,shur,sur,sure
sol,sole,soul=>sol,sole,soul
somer,sumer,sommer,summer=>somer,sumer,sommer,summer
sonshine,sunshine=>sonshine,sunshine
spartan,sparton=>spartan,sparton
sterling,stirling=>sterling,stirling
straight,strait,strate,str8=>straight,strait,strate,str8
strice,stryce=>strice,stryce
sulfur,sulphur=>sulfur,sulphur
team,teem=>team,teem
technology,compute,computer =>technology,compute,computer
telerad,telrad=>telerad,telrad
through,thru=>through,thru
thyme,time,tyme=>thyme,time,tyme
tough,tuff=>tough,tuff
treat,treit,treet=>treat,treit,treet
tri,try=>tri,try
triad,tryad=>triad,tryad
ubc,ubysey,universitybritishcolumbia=>ubc,ubysey,universitybritishcolumbia
unec,unique=>unec,unique
universityvictoria,uvic=>universityvictoria,uvic
userexerience,ux=>userexerience,ux
vale,valey,valy,valley=>vale,valey,valy,valley
view,vu=>view,vu
virtual,vr=>virtual,vr
weatherbee,weatherby,weatherb=>weatherbee,weatherby,weatherb
werc,werx,worc,worx,werk,work=>werc,werx,worc,worx,werk,work
wesix,wesx=>wesix,wesx
white,whyte=>white,whyte
why,wi=>why,wi
whyld,whylde,wild,wilde,wyld,wylde=>whyld,whylde,wild,wilde,wyld,wylde
win,wyn=>win,wyn
wind,wynd=>wind,wynd
wise,wyse=>wise,wyse
xstream,xtreme,extreme=>xstream,xtreme,extreme
zee,zed=>zee,zed

#**********NUMBER substitutions  ****************
#----------------------------------------------------

1,first,one,onest,1st,i=>1,first,one,onest,1st,i
2,second,two,twond,2nd,ii=>2,second,two,twond,2nd,ii
3,third,three,threerd,3rd,iii=>3,third,three,threerd,3rd,iii
4,for,four,fourth,4th,iv=>4,for,four,fourth,4th,iv
5,fifth,five,fiveth,v,5th=>5,fifth,five,fiveth,v,5th
6,six,sixth,vI,6th=>six,sixth,vi,6,6th
7,seven,seventh,vii,7th=>7,seven,seventh,vii,7th
8,eight,eighth,viii,8th=>8,eight,eighth,viii,8th
9,ix,nine,nineth,ninth,9th=>9,ix,nine,nineth,ninth,9th
10,onezero,ten,tenth,x,10th=>onezero,ten,tenth,x,10,10th
11,eleven,eleventh,oneone,oneoneth,11th,xi=>eleven,eleventh,oneone,oneoneth,11,11th,xi
12,onetwo,onetwoth,twelfth,twelve,twelveth,12th,xii=>onetwo,onetwoth,twelfth,twelve,twelveth,12,12th,xii
13,onethree,onethreeth,thirteen,thirteenth,13th,xiii=>onethree,onethreeth,thirteen,thirteenth,13,13th,xiii
14,fourteen,fourtenth,onefour,onefourth,xiv,14th=>fourteen,fourtenth,onefour,onefourth,xiv,14,14th
15,fifteen,fiftenth,onefive,onefiveth,xv,15th=>fifteen,fiftenth,onefive,onefiveth,xv,15,15th
16,onesix,onesixth,sixteen,sixtenth,16th,xvi=>onesix,onesixth,sixteen,sixtenth,16,16th,xvi
17,oneseven,oneseventh,seventeen,sevententh,17th,xvii=>oneseven,oneseventh,seventeen,sevententh,17,17th,xvii
18,eighteen,eightenth,oneight,oneighth,18th,xviii=>eighteen,eightenth,oneight,oneighth,18,18th,xviii
19,nineteen,ninetenth,onenine,onenineth,xix,19th=>nineteen,ninetenth,onenine,onenineth,xix,19,19th
20,20th,twentieth,twenty,twozero,twozeroth,xx=>20,20th,twentieth,twenty,twozero,twozeroth,xx
21,twentyfirst,twentyone,twone,twonest,21st,xxi=>twentyfirst,twentyone,twone,twonest,21,21st,xxi
22,twentysecond,twentytwo,twotwo,twotwond,xxii,22nd=>twentysecond,twentytwo,twotwo,twotwond,xxii,22,22nd
23,twentythird,twentythree,twothree,twothreerd,23rd,xxiii=>twentythird,twentythree,twothree,twothreerd,xxiii
24,twentyfour,twentyfourth,twofour,twofourth,24th,xxiv=>twentyfour,twentyfourth,twofour,twofourth,24,24th,xxiv
25,twentyfifth,twentyfive,twofive,twofiveth,25th,xxv=>twentyfifth,twentyfive,twofive,twofiveth,25,25th,xxv
26,twentysix,twentysixth,twosix,twosixth,26th,xxvi=>twentysix,twentysixth,twosix,twosixth,26,26th,xxvi
27,twentyseven,twentyseventh,twoseven,twoseventh,27th,xxvii=>twentyseven,twentyseventh,twoseven,twoseventh,xxvii
28,twentyeight,twentyeighth,twoeight,twoeighth,28th,xxviii=>twentyeight,twentyeighth,twoeight,twoeighth,28,28th,xxviii
29,twentynine,twentyninth,twonine,twonineth,29th,xxix=>twentynine,twentyninth,twonine,twonineth,29,29th,xxix
30,thirtieth,thirty,threezero,threezeroth,30th,xxx=>thirtieth,thirty,threezero,threezeroth,30,30th,xxx
31,thirtyfirst,thirtyone,threeone,threeonest,31st,xxxi=>thirtyfirst,thirtyone,threeone,threeonest,31,31st,xxxi
32,thirtysecond,thirtytwo,threetwo,threetwond,32nd,xxxii=>thirtysecond,thirtytwo,threetwo,threetwond,32,32nd,xxxii
33,thirtythird,thirtythree,threethree,33rd,xxxiii,threethrerd=>thirtythird,thirtythree,threethree,33,33rd,xxxiii,threethrerd
34,thirtyfour,thirtyfourth,threefour,threefourth,34th,xxxiv=>thirtyfour,thirtyfourth,threfour,threfourth,34,34th,xxxiv
35,thirtyfifth,thirtyfive,threefive,threefiveth,35th,xxxv=>thirtyfifth,thirtyfive,threefive,threefiveth,35,35th,xxxv
36,thirtysix,thirtysixth,threesix,threesixth,36th,xxxvi=>thirtysix,thirtysixth,threesix,threesixth,36,36th,xxxvi
37,thirtyseven,thirtyseventh,threeseven,threeseventh,37th,xxxvii=>thirtyseven,thirtyseventh,threeseven,threeseventh,37,37th,xxxvii
38,thirtyeight,thirtyeighth,threeeight,threeeighth,38th,xxxviii=>thirtyeight,thirtyeighth,threeeight,threeeighth,38,38th,xxxviii
39,thirtynine,thirtyninth,threenine,threenineth,39th,xxxix=>thirtynine,thirtyninth,threenine,threenineth,39,39th,xxxix
40,fortieth,forty,fourzero,fourzeroth,40th,xl=>fortieth,forty,fourzero,fourzeroth,40,40th,xl
41,fortyfirst,fortyone,fourone,fouronest,41st,xli=>fortyfirst,fortyone,fourone,fouronest,40,40th,xl
42,fortysecond,fortytwo,fourtwo,fourtwond,42nd,xlii=>fortysecond,fortytwo,fourtwo,fourtwond,42,42nd,xlii
43,fortythree,fortythird,fourthree,fourthreed,43th,xliii=>fortythree,fortythird,fourthree,fourthreed,43,43th,xliii
44,fortyfour,fortyfourth,fourfour,fourfourth,44th,xliv=>fortyfour,fortyfourth,fourfour,fourfourth,44,44th,xliv
45,fortyfifth,fortyfive,fourfive,fourfiveth,45th,xlv=>fortyfifth,fortyfive,fourfive,fourfiveth,45,45th,xlv
46,fortysix,fortysixth,foursix,foursixth,46th,xlvi=>fortysix,fortysixth,foursix,foursixth,46,46th,xlvi
47,fortyseven,fortyseventh,fourseven,fourseventh,47th,xlvii=>fortyseven,fortyseventh,fourseven,fourseventh,47,47th,xlvii
48,fortyeight,fortyeighth,foureight,foureighth,48th,xlviii=>fortyeight,fortyeighth,foureight,foureighth,48,48th,xlviii
49,fortynine,fortyninth,fournine,fournineth,49th,xlix=>fortynine,fortyninth,fournine,fournineth,49,49th,xlix
50,fiftieth,fifty,fivezero,fivezeroth,50th=>fiftieth,fifty,fivezero,fivezeroth,50,50th
51,fiftyfirst,fiftyone,fiveone,fiveonest,51st=>fiftyfirst,fiftyone,fiveone,fiveonest,55,51st
52,fiftysecond,fiftytwo,fivetwo,fivetwond,52nd=>fiftysecond,fiftytwo,fivetwo,fivetwond,52,52nd
53,fiftythird,fiftythree,fivethree,fivethreed,53st=>fiftythird,fiftythree,fivethree,fivethreed,53,53st
54,fiftyfour,fiftyfourth,fivefour,fivefourth,54th=>fiftyfour,fiftyfourth,fivefour,fivefourth,54,54th
55,fiftyfifth,fiftyfive,fivefive,fivefiveth,55th=>fiftyfifth,fiftyfive,fivefive,fivefiveth,55,55th
56,fiftysix,fiftysixth,fivesix,fivesixth,56th=>fiftysix,fiftysixth,fivesix,fivesixth,56,56th
57,fiftyseven,fiftyseventh,fiveseven,fiveseventh,57th=>fiftyseven,fiftyseventh,fiveseven,fiveseventh,57,57th
58,fiftyeight,fiftyeighth,fiveight,fiveighth,58th=>fiftyeight,fiftyeighth,fiveight,fiveighth,58,58th
59,fiftynine,fiftyninth,fivenine,fivenineth,59th=>fiftynine,fiftyninth,fivenine,fivenineth,59,59th
60,sixtieth,sixty,sixzero,sixzeroth,60th=>sixtieth,sixty,sixzero,sixzeroth,60,60th
61,sixone,sixonest,sixtyfirst,sixtyone,61st=>sixone,sixonest,sixtyfirst,sixtyone,61,61st
62,sixtwo,sixtwond,sixtysecond,sixtytwo,62nd=>sixtwo,sixtwond,sixtysecond,sixtytwo,62,62nd
63,sixthree,sixthreed,sixtythrird,sixtythree,63rd=>sixthree,sixthreed,sixtythrird,sixtythree,63,63rd
64,sixfour,sixfourth,sixtyfour,sixtyfourth,64th=>sixfour,sixfourth,sixtyfour,sixtyfourth,64,64th
65,sixfive,sixfiveth,sixtyfifth,sixtyfive,65th=>sixfive,sixfiveth,sixtyfifth,sixtyfive,65,65th
66,sixsix,sixsixth,sixtysix,sixtysixth,66th,lxvi=>sixsix,sixsixth,sixtysix,sixtysixth,66,66th,lxvi
67,sixseven,sixseventh,sixtyseven,sixtyseventh,67th=>sixseven,sixseventh,sixtyseven,sixtyseventh,67,67th
68,sixeight,sixeighth,sixtyeight,sixtyeighth,68th=>sixeight,sixeighth,sixtyeight,sixtyeighth,68,68th
69,sixnine,sixnineth,sixtynine,sixtyninth,69th,lxix=>sixnine,sixnineth,sixtynine,sixtyninth,69,69th,lxix
70,seventieth,seventy,sevenzero,sevenzeroth,70th=>seventieth,seventy,sevenzero,sevenzeroth,70,70th
71,sevenone,sevenonest,seventyfirst,seventyone,71st=>sevenone,sevenonest,seventyfirst,seventyone,71,71st
72,seventwo,seventwond,seventysecond,seventytwo,72nd=>seventwo,seventwond,seventysecond,seventytwo,72,72nd
73,seventhree,seventhreed,seventythird,seventythree,73rd=>seventhree,seventhreed,seventythird,seventythree,73,73rd
74,sevenfour,sevenfourth,seventyfour,seventyfourth,74th=>sevenfour,sevenfourth,seventyfour,seventyfourth,74,74th
75,75th,sevenfive,sevenfiveth,seventyfifth,seventyfive=>75,75thsevenfive,sevenfiveth,seventyfifth,seventyfive
76,76th,sevensix,sevensixth,seventysix,seventysixth=>76,76th,sevensix,sevensixth,seventysix,seventysixth
77,77th,sevenseven,sevenseventh,seventyseven,seventyseventh=>77,77th,sevenseven,sevenseventh,seventyseven,seventyseventh
78,78th,seveneight,seveneighth,seventyeight,seventyeighth=>78,78th,seveneight,seveneighth,seventyeight,seventyeighth
79,79th,sevenine,sevenineth,seventynine,seventyninth=>79,79th,sevenine,sevenineth,seventynine,seventyninth
80,80th,eightieth,eighty,eightzero,eightzeroth=>80,80th,eightieth,eighty,eightzero,eightzeroth
81,81st,eightone,eightonest,eightyfirst,eightyone=>81,81st,eightone,eightonest,eightyfirst,eightyone
82,82nd,eighttwo,eightwond,eightysecond,eightytwo=>82,82nd,eighttwo,eightwond,eightysecond,eightytwo
83,83rd,eighthree,eighthreerd,eightythird,eightythree=>83,83rd,eighthree,eighthreerd,eightythird,eightythree
84,84th,eightfour,eightfourth,eightyfour,eightyfourth=>84,84th,eightfour,eightfourth,eightyfour,eightyfourth
85,85th,eightfive,eightfiveth,eightyfifth,eightyfive=>85,85th,eightfive,eightfiveth,eightyfifth,eightyfive
86,86th,eightsix,eightsixth,eightysix,eightysixth=>86,86th,eightsix,eightsixth,eightysix,eightysixth
87,87th,eightseven,eightseventh,eightyseven,eightyseventh=>87,87th,eightseven,eightseventh,eightyseven,eightyseventh
88,88th,eighteight,eighteighth,eightyeight,eightyeighth=>eighteight,eighteighth,eightyeight,eightyeighth
89,89th,eightnine,eightnineth,eightynine,eightyninth=>89,89th,eightnine,eightnineth,eightynine,eightyninth
90,90th,ninetieth,ninety,ninezero,ninezeroth=>90,90th,ninetieth,ninety,ninezero,ninezeroth
91,91st,nineone,nineonest,ninetyfirst,ninetyone=>91,91st,nineone,nineonest,ninetyfirst,ninetyone
92,92nd,ninetwo,ninetwond,ninetysecond,ninetytwo=>92,92nd,ninetwo,ninetwond,ninetysecond,ninetytwo
93,93rd,ninethree,ninethreerd,ninetythird,ninetythree=>ninethree,ninethreerd,ninetythird,ninetythree,93,93rd
94,94th,ninefour,ninefourth,ninetyfour,ninetyfourth=>94,94th,ninefour,ninefourth,ninetyfour,ninetyfourth
95,95th,ninefive,ninefiveth,ninetyfifth,ninetyfive=>95,95th,ninefive,ninefiveth,ninetyfifth,ninetyfive
96,96th,ninesix,ninesixth,ninetysix,ninetysixth=>96,96th,ninesix,ninesixth,ninetysix,ninetysixth
97,97th,nineseven,nineseventh,ninetyseven,ninetyseventh=>97,97th,nineseven,nineseventh,ninetyseven,ninetyseventh
98,98th,nineight,nineighth,ninetyeight,ninetyeighth=>nineight,nineighth,ninetyeight,ninetyeighth,98,98th
99,99th,ninenine,ninenineth,ninetynine,ninetyninth=>99,99th,ninenine,ninenineth,ninetynine,ninetyninth
100,100th,hundredth,onehundred,onehundredth,onezerozeroth,onezerzero=>hundredth,onehundred,onehundredth,onezerozeroth,onezerzero,100,100th